{
    "chl": {
        "mean": 0.1124606728553772,
        "std": 0.13073967397212982
    },
    "phyc": {
        "mean": 0.5018930435180664,
        "std": 0.4640149772167206
    },
    "nppv": {
        "mean": 0.9820959568023682,
        "std": 1.0077416896820068
    },
    "no3": {
        "mean": 0.3653404414653778,
        "std": 0.7429208159446716
    },
    "po4": {
        "mean": 0.14166925847530365,
        "std": 0.18981009721755981
    },
    "sea_surface_temperature_anomaly": {
        "mean": 0.28964540362358093,
        "std": 0.6697297692298889
    },
    "uo": {
        "mean": -0.0039620730094611645,
        "std": 0.12922826409339905
    },
    "vo": {
        "mean": -0.0033256777096539736,
        "std": 0.13038113713264465
    }
}